{
  "timestamp": "2025-12-13T19:51:11.762454",
  "baseline_total": 541.075156,
  "baseline_quarters": {
    "2024/Q1": {
      "pnl": 460.174688,
      "win_rate": 100.0,
      "sharpe": 1.151772
    },
    "2024/Q2": {
      "pnl": -33.092366,
      "win_rate": 33.333333,
      "sharpe": -0.19856
    },
    "2024/Q3": {
      "pnl": 121.678591,
      "win_rate": 100.0,
      "sharpe": 0.360451
    },
    "2024/Q4": {
      "pnl": 142.532459,
      "win_rate": 69.230769,
      "sharpe": 0.519386
    },
    "2025/Q1": {
      "pnl": -143.826443,
      "win_rate": 7.894737,
      "sharpe": -1.200098
    },
    "2025/Q2": {
      "pnl": -169.049263,
      "win_rate": 12.765957,
      "sharpe": -1.333262
    },
    "2025/Q3": {
      "pnl": -133.869114,
      "win_rate": 62.0,
      "sharpe": -0.441333
    },
    "2025/Q4": {
      "pnl": 296.526604,
      "win_rate": 100.0,
      "sharpe": 1.19984
    }
  },
  "results": [
    {
      "label": "FastTrend",
      "adx_term": 12,
      "adx_continue_num": 2,
      "adx_bull_threshold": 22,
      "adx_bear_threshold": 17,
      "total_pnl": 770.723331,
      "delta": 229.64817500000004,
      "quarters": {
        "2024/Q1": {
          "pnl": 857.964002,
          "win_rate": 100.0,
          "sharpe": 1.856625
        },
        "2024/Q2": {
          "pnl": 33.775947,
          "win_rate": 52.0,
          "sharpe": 0.219132
        },
        "2024/Q3": {
          "pnl": 9.399857,
          "win_rate": 64.516129,
          "sharpe": 0.04301
        },
        "2024/Q4": {
          "pnl": 197.294072,
          "win_rate": 79.166667,
          "sharpe": 0.639678
        },
        "2025/Q1": {
          "pnl": -155.449334,
          "win_rate": 12.5,
          "sharpe": -1.577544
        },
        "2025/Q2": {
          "pnl": -179.28808,
          "win_rate": 3.448276,
          "sharpe": -1.742644
        },
        "2025/Q3": {
          "pnl": -4.928672,
          "win_rate": 92.857143,
          "sharpe": -0.013869
        },
        "2025/Q4": {
          "pnl": 11.955539,
          "win_rate": 87.5,
          "sharpe": 0.096882
        }
      }
    },
    {
      "label": "FastContinue3",
      "adx_term": 12,
      "adx_continue_num": 3,
      "adx_bull_threshold": 22,
      "adx_bear_threshold": 17,
      "total_pnl": 753.2983710000001,
      "delta": 212.2232150000001,
      "quarters": {
        "2024/Q1": {
          "pnl": 857.964002,
          "win_rate": 100.0,
          "sharpe": 1.856625
        },
        "2024/Q2": {
          "pnl": 33.775947,
          "win_rate": 52.0,
          "sharpe": 0.219132
        },
        "2024/Q3": {
          "pnl": 9.399857,
          "win_rate": 64.516129,
          "sharpe": 0.04301
        },
        "2024/Q4": {
          "pnl": 197.294072,
          "win_rate": 79.166667,
          "sharpe": 0.639678
        },
        "2025/Q1": {
          "pnl": -155.449334,
          "win_rate": 12.5,
          "sharpe": -1.577544
        },
        "2025/Q2": {
          "pnl": -179.28808,
          "win_rate": 3.448276,
          "sharpe": -1.742644
        },
        "2025/Q3": {
          "pnl": -22.353632,
          "win_rate": 89.655172,
          "sharpe": -0.062824
        },
        "2025/Q4": {
          "pnl": 11.955539,
          "win_rate": 87.5,
          "sharpe": 0.096882
        }
      }
    },
    {
      "label": "FastTerm14",
      "adx_term": 14,
      "adx_continue_num": 2,
      "adx_bull_threshold": 22,
      "adx_bear_threshold": 17,
      "total_pnl": 638.6399910000001,
      "delta": 97.56483500000013,
      "quarters": {
        "2024/Q1": {
          "pnl": 688.85403,
          "win_rate": 100.0,
          "sharpe": 1.80722
        },
        "2024/Q2": {
          "pnl": 26.532373,
          "win_rate": 53.571429,
          "sharpe": 0.169939
        },
        "2024/Q3": {
          "pnl": 31.474138,
          "win_rate": 83.870968,
          "sharpe": 0.127845
        },
        "2024/Q4": {
          "pnl": 197.294072,
          "win_rate": 79.166667,
          "sharpe": 0.639678
        },
        "2025/Q1": {
          "pnl": -152.905704,
          "win_rate": 13.043478,
          "sharpe": -1.664852
        },
        "2025/Q2": {
          "pnl": -176.606956,
          "win_rate": 3.571429,
          "sharpe": -1.715681
        },
        "2025/Q3": {
          "pnl": 17.864809,
          "win_rate": 100.0,
          "sharpe": 0.049763
        },
        "2025/Q4": {
          "pnl": 6.133229,
          "win_rate": 93.333333,
          "sharpe": 0.052356
        }
      }
    },
    {
      "label": "FastThreshold24",
      "adx_term": 12,
      "adx_continue_num": 2,
      "adx_bull_threshold": 24,
      "adx_bear_threshold": 19,
      "total_pnl": 859.7792880000002,
      "delta": 318.7041320000002,
      "quarters": {
        "2024/Q1": {
          "pnl": 924.071405,
          "win_rate": 100.0,
          "sharpe": 1.908241
        },
        "2024/Q2": {
          "pnl": 14.398663,
          "win_rate": 56.666667,
          "sharpe": 0.087722
        },
        "2024/Q3": {
          "pnl": 31.474138,
          "win_rate": 83.870968,
          "sharpe": 0.127845
        },
        "2024/Q4": {
          "pnl": 167.065164,
          "win_rate": 80.0,
          "sharpe": 0.570558
        },
        "2025/Q1": {
          "pnl": -137.43812,
          "win_rate": 13.636364,
          "sharpe": -1.402504
        },
        "2025/Q2": {
          "pnl": -179.28808,
          "win_rate": 3.448276,
          "sharpe": -1.742644
        },
        "2025/Q3": {
          "pnl": -7.25486,
          "win_rate": 96.551724,
          "sharpe": -0.020478
        },
        "2025/Q4": {
          "pnl": 46.750978,
          "win_rate": 100.0,
          "sharpe": 0.314708
        }
      }
    },
    {
      "label": "FastSwayMix",
      "adx_term": 14,
      "adx_continue_num": 3,
      "adx_bull_threshold": 24,
      "adx_bear_threshold": 18,
      "total_pnl": 844.568579,
      "delta": 303.493423,
      "quarters": {
        "2024/Q1": {
          "pnl": 754.000561,
          "win_rate": 100.0,
          "sharpe": 1.865895
        },
        "2024/Q2": {
          "pnl": -22.865983,
          "win_rate": 43.75,
          "sharpe": -0.154691
        },
        "2024/Q3": {
          "pnl": 5.723325,
          "win_rate": 66.666667,
          "sharpe": 0.023336
        },
        "2024/Q4": {
          "pnl": 221.772508,
          "win_rate": 75.0,
          "sharpe": 0.733647
        },
        "2025/Q1": {
          "pnl": -143.863628,
          "win_rate": 13.636364,
          "sharpe": -1.569452
        },
        "2025/Q2": {
          "pnl": -179.28808,
          "win_rate": 3.448276,
          "sharpe": -1.742644
        },
        "2025/Q3": {
          "pnl": -74.12678,
          "win_rate": 84.848485,
          "sharpe": -0.230268
        },
        "2025/Q4": {
          "pnl": 283.216656,
          "win_rate": 100.0,
          "sharpe": 1.238726
        }
      }
    }
  ]
}