{
  "timestamp": "2025-12-13T19:05:20.139489",
  "baseline_total": 541.075156,
  "strategy_a_total": 663.405381,
  "strategy_b_total": 35.23431500000001,
  "strategy_c_total": -19.938214999999992,
  "improvements": {
    "Strategy A": 122.33022500000004,
    "Strategy B": -505.84084099999995,
    "Strategy C": -561.013371
  },
  "quarterly_results": {
    "baseline": {
      "2024/Q1": {
        "pnl": 460.174688,
        "win_rate": 100.0,
        "sharpe": 1.151772,
        "profit_factor": 1.84779,
        "max_drawdown": 168.07439
      },
      "2024/Q2": {
        "pnl": -33.092366,
        "win_rate": 33.333333,
        "sharpe": -0.19856,
        "profit_factor": 0.921073,
        "max_drawdown": 89.623097
      },
      "2024/Q3": {
        "pnl": 121.678591,
        "win_rate": 100.0,
        "sharpe": 0.360451,
        "profit_factor": 1.166898,
        "max_drawdown": 301.905456
      },
      "2024/Q4": {
        "pnl": 142.532459,
        "win_rate": 69.230769,
        "sharpe": 0.519386,
        "profit_factor": 1.289309,
        "max_drawdown": 238.930622
      },
      "2025/Q1": {
        "pnl": -143.826443,
        "win_rate": 7.894737,
        "sharpe": -1.200098,
        "profit_factor": 0.570358,
        "max_drawdown": 179.867959
      },
      "2025/Q2": {
        "pnl": -169.049263,
        "win_rate": 12.765957,
        "sharpe": -1.333262,
        "profit_factor": 0.582012,
        "max_drawdown": 211.204299
      },
      "2025/Q3": {
        "pnl": -133.869114,
        "win_rate": 62.0,
        "sharpe": -0.441333,
        "profit_factor": 0.80243,
        "max_drawdown": 409.069261
      },
      "2025/Q4": {
        "pnl": 296.526604,
        "win_rate": 100.0,
        "sharpe": 1.19984,
        "profit_factor": 1.829061,
        "max_drawdown": 103.048386
      }
    },
    "strategy_a": {
      "2024/Q1": {
        "pnl": 640.494262,
        "win_rate": 100.0,
        "sharpe": 1.723898,
        "profit_factor": 3.35869,
        "max_drawdown": 91.580297
      },
      "2024/Q2": {
        "pnl": 43.598949,
        "win_rate": 64.705882,
        "sharpe": 0.241901,
        "profit_factor": 1.125091,
        "max_drawdown": 92.139623
      },
      "2024/Q3": {
        "pnl": 5.102519,
        "win_rate": 66.666667,
        "sharpe": 0.020869,
        "profit_factor": 1.011076,
        "max_drawdown": 282.610371
      },
      "2024/Q4": {
        "pnl": 107.836403,
        "win_rate": 76.0,
        "sharpe": 0.376147,
        "profit_factor": 1.235643,
        "max_drawdown": 300.786085
      },
      "2025/Q1": {
        "pnl": -155.315771,
        "win_rate": 13.043478,
        "sharpe": -1.681675,
        "profit_factor": 0.337945,
        "max_drawdown": 168.617826
      },
      "2025/Q2": {
        "pnl": -188.823005,
        "win_rate": 3.333333,
        "sharpe": -1.82986,
        "profit_factor": 0.396705,
        "max_drawdown": 207.902321
      },
      "2025/Q3": {
        "pnl": -72.704632,
        "win_rate": 84.848485,
        "sharpe": -0.226934,
        "profit_factor": 0.875667,
        "max_drawdown": 391.522459
      },
      "2025/Q4": {
        "pnl": 283.216656,
        "win_rate": 100.0,
        "sharpe": 1.238726,
        "profit_factor": 2.252705,
        "max_drawdown": 89.433775
      }
    },
    "strategy_b": {
      "2024/Q1": {
        "pnl": 21.259657,
        "win_rate": 45.454545,
        "sharpe": 0.513502,
        "profit_factor": 1.627584,
        "max_drawdown": 23.535432
      },
      "2024/Q2": {
        "pnl": 29.097655,
        "win_rate": 71.428571,
        "sharpe": 0.448042,
        "profit_factor": 1.675409,
        "max_drawdown": 23.222687
      },
      "2024/Q3": {
        "pnl": -71.342472,
        "win_rate": 8.333333,
        "sharpe": -2.081544,
        "profit_factor": 0.195682,
        "max_drawdown": 79.428473
      },
      "2024/Q4": {
        "pnl": -23.373698,
        "win_rate": 42.857143,
        "sharpe": -0.413667,
        "profit_factor": 0.760597,
        "max_drawdown": 52.841047
      },
      "2025/Q1": {
        "pnl": -12.839903,
        "win_rate": 0.0,
        "sharpe": -1.793394,
        "profit_factor": 0.0,
        "max_drawdown": 12.839903
      },
      "2025/Q2": {
        "pnl": -26.534549,
        "win_rate": 16.666667,
        "sharpe": -0.335016,
        "profit_factor": 0.753497,
        "max_drawdown": 52.957605
      },
      "2025/Q3": {
        "pnl": 136.268148,
        "win_rate": 100.0,
        "sharpe": 0.461118,
        "profit_factor": 1.618442,
        "max_drawdown": 158.21958
      },
      "2025/Q4": {
        "pnl": -17.300523,
        "win_rate": 77.777778,
        "sharpe": -0.23663,
        "profit_factor": 0.832581,
        "max_drawdown": 85.138445
      }
    },
    "strategy_c": {
      "2024/Q1": {
        "pnl": 33.936339,
        "win_rate": 62.5,
        "sharpe": 0.816862,
        "profit_factor": 2.494489,
        "max_drawdown": 13.413175
      },
      "2024/Q2": {
        "pnl": 46.774432,
        "win_rate": 60.0,
        "sharpe": 0.762127,
        "profit_factor": 3.030181,
        "max_drawdown": 23.039538
      },
      "2024/Q3": {
        "pnl": -38.112154,
        "win_rate": 0.0,
        "sharpe": -1.611818,
        "profit_factor": 0.217896,
        "max_drawdown": 38.112154
      },
      "2024/Q4": {
        "pnl": -21.999764,
        "win_rate": 50.0,
        "sharpe": -0.461747,
        "profit_factor": 0.691963,
        "max_drawdown": 51.467113
      },
      "2025/Q1": {
        "pnl": -4.619897,
        "win_rate": 0.0,
        "sharpe": -1.0,
        "profit_factor": 0.0,
        "max_drawdown": 4.619897
      },
      "2025/Q2": {
        "pnl": -17.04564,
        "win_rate": 33.333333,
        "sharpe": -0.209184,
        "profit_factor": 0.827345,
        "max_drawdown": 55.257503
      },
      "2025/Q3": {
        "pnl": -68.980105,
        "win_rate": 60.0,
        "sharpe": -0.989441,
        "profit_factor": 0.459692,
        "max_drawdown": 95.281732
      },
      "2025/Q4": {
        "pnl": 50.108574,
        "win_rate": 100.0,
        "sharpe": 1.058365,
        "profit_factor": 0.0,
        "max_drawdown": 0.0
      }
    }
  }
}