{
    "total_pnl": 319.095517,
    "profit_factor": 2.40922,
    "max_drawdown": 98.780572,
    "max_drawdown_rate": 27.935059,
    "sharpe": 1.020994,
    "win_rate": 100.0,
    "trades": 15,
    "samples": 359
}
