{
  "total_pnl": 183.791273,
  "profit_factor": 1.318045,
  "max_drawdown": 184.99866,
  "max_drawdown_rate": 52.317458,
  "sharpe": 0.532716,
  "win_rate": 100.0,
  "trades": 35,
  "samples": 731
}