Scenario,Total PnL,Loss Reduction,Improvement %,Entries,Wins,Losses
Scenario 1,1361.91,-457.5500000000002,-50.59379008359506,3,3,0
Scenario 2,1282.5500000000002,-378.1900000000003,-41.81852359679777,4,3,1
Scenario 3,1361.91,-457.5500000000002,-50.59379008359506,3,3,0
